"Year","n_cities","n_obs","n_obs.pct","n_obs_RG","n_obs_RG.pct","n_users","n_users.pct","n_taxa","n_taxa.pct"
2018,40,3159,23.6796875,1377,19.5522388059701,895,13.9166666666667,391,6.10909090909091
2019,68,5986,21.9348659003831,2244,38.3684210526316,1738,11.0694444444444,593,4.81372549019608
2020,104,5241,7.43961352657005,1594,7.75824175824176,1709,5.86345381526104,315,1.5
2021,138,6958,7.875,2024,10.0601092896175,2213,4.76302083333333,434,1.41111111111111
2022,159,9305,5.75253991291727,2468,5.9915014164306,2840,4.24953789279113,512,0.932075471698113
